Trial,Dist,Method,Time,NegLogLik,MSE
1,gamma,Bez_MLE,0.34784865379333496,2241.700286437078,4.839208617982936e-05
1,gamma,Gen_Beta,0.06251907348632812,1063.4016849164436,0.0167205488969788
1,gamma,Pearson3,0.06881999969482422,875.2386827863407,0.00047394087941514016
1,gamma,Johnson,0.13246536254882812,968.4593956703217,0.0017651846892057376
1,gamma,4Param_GG,0.08314061164855957,857.3215162820634,0.00039317580119231475
1,normal,Bez_MLE,0.31264638900756836,2234.6940714668285,1.2068022975307275e-05
1,normal,Gen_Beta,0.05533432960510254,2472.194201347084,6.118220072555137e-05
1,normal,Pearson3,0.027928590774536133,2472.147077619449,4.965724103235564e-05
1,normal,Johnson,0.12523984909057617,2471.5649441026926,2.980714101832746e-05
1,normal,4Param_GG,0.07644367218017578,2478.9177445046053,0.00013919311925612342
1,exponential,Bez_MLE,0.3152444362640381,2259.391203917241,2.6553101791743225e-05
1,exponential,Gen_Beta,0.03893423080444336,2056.3769039128215,3.690314111647359e-05
1,exponential,Pearson3,0.07648992538452148,2057.7451000297797,3.869371476155691e-05
1,exponential,Johnson,0.1182405948638916,2073.643951267387,0.00015717686334358938
1,exponential,4Param_GG,0.1372060775756836,2055.9871660733174,4.786416551337744e-05
1,lognormal,Bez_MLE,0.5688977241516113,2051.1112652318375,0.00024188881299796382
1,lognormal,Gen_Beta,0.08855199813842773,2145.36579143976,0.005808788945770936
1,lognormal,Pearson3,0.1448063850402832,2146.0593223497535,0.0034117459981089847
1,lognormal,Johnson,0.2615687847137451,1993.026773716279,4.666404187825414e-05
1,lognormal,4Param_GG,0.15670180320739746,2193.8594089507496,0.0046138056712417864
1,chi_square,Bez_MLE,0.522686243057251,2236.286073438219,2.0596558484722485e-05
1,chi_square,Gen_Beta,0.09241724014282227,2822.153241595511,3.0004862675469294e-05
1,chi_square,Pearson3,0.03685903549194336,2822.1483002432224,3.04935042536065e-05
1,chi_square,Johnson,0.12810802459716797,2821.874280498852,2.6229767115854335e-05
1,chi_square,4Param_GG,0.07417917251586914,2822.0850383898396,2.799512925912611e-05
1,rayleigh,Bez_MLE,0.31255388259887695,2259.9028643261563,1.3216925901926854e-05
1,rayleigh,Gen_Beta,0.00693821907043457,1372.227869660634,4.3279764368698073e-05
1,rayleigh,Pearson3,0.020929813385009766,1379.5356966019126,0.0001490387913204886
1,rayleigh,Johnson,0.11568140983581543,1374.1130310477406,7.198760143503489e-05
1,rayleigh,4Param_GG,0.0549159049987793,1371.548512766135,1.7619705193203127e-05
1,weibull,Bez_MLE,0.30146241188049316,2270.2004644713134,1.1774362453746385e-05
1,weibull,Gen_Beta,0.029113054275512695,315.36455279100176,7.586655411987774e-05
1,weibull,Pearson3,0.04725241661071777,320.4094770372026,7.395334586170935e-05
1,weibull,Johnson,0.19637584686279297,315.85301265083143,6.875836663241405e-05
1,weibull,4Param_GG,0.07251977920532227,314.74654010859695,4.493612511927951e-05
1,logistic,Bez_MLE,0.5208077430725098,2211.6140274213676,1.0262832832506665e-05
1,logistic,Gen_Beta,0.08935976028442383,2766.820051646647,0.00018197770031237097
1,logistic,Pearson3,0.04735708236694336,2766.8158054519454,0.00018184062515700072
1,logistic,Johnson,0.11272430419921875,2759.61498205647,1.576293109534191e-05
1,logistic,4Param_GG,0.07630372047424316,2767.154842263998,0.00019256096611804284
1,gumbel,Bez_MLE,0.31262946128845215,2241.7547578277945,1.900306711270093e-05
1,gumbel,Gen_Beta,0.06404399871826172,1607.2570054999562,5.162135559468645e-05
1,gumbel,Pearson3,0.01053309440612793,1607.2242520442505,4.48914507083982e-05
1,gumbel,Johnson,0.12368226051330566,1607.0909611030027,2.0371935355237232e-05
1,gumbel,4Param_GG,0.0654444694519043,2126.3709860873787,0.08234717617961772
1,laplace,Bez_MLE,0.3298368453979492,2206.2344718156064,1.9024486195750424e-05
1,laplace,Gen_Beta,0.01054692268371582,1703.7268360051337,0.0020005692779506553
1,laplace,Pearson3,0.020696163177490234,1703.7002252004415,0.0020009682548072236
1,laplace,Johnson,0.1147470474243164,1634.0714562644048,3.547537395961146e-05
1,laplace,4Param_GG,0.09076857566833496,1704.4335742305366,0.0020460502758333633
1,trimodal,Bez_MLE,0.2819223403930664,2197.4963883840956,0.0017403742108405766
1,trimodal,Gen_Beta,0.0631875991821289,2416.190070903621,0.011283556667691123
1,trimodal,Pearson3,0.04843306541442871,2395.1204530307687,0.0038529488334177607
1,trimodal,Johnson,0.12081217765808105,2243.3096406560308,0.0037803098342260827
1,trimodal,4Param_GG,0.07186555862426758,2511.37700010811,0.008887730641279696
2,gamma,Bez_MLE,0.31447815895080566,2239.994913620725,3.4229344762950936e-05
2,gamma,Gen_Beta,0.05973410606384277,2264.7847391003206,7.679894766241092e-05
2,gamma,Pearson3,0.021501541137695312,2264.7833873404925,7.543226786509769e-05
2,gamma,Johnson,0.11623954772949219,2264.762022543514,5.043856556770049e-05
2,gamma,4Param_GG,0.045522212982177734,2264.529670609254,5.5676111284227635e-05
2,normal,Bez_MLE,0.29854393005371094,2238.9295902792437,2.5771875084460723e-05
2,normal,Gen_Beta,0.023809194564819336,2348.6698091832072,3.1625699845201345e-05
2,normal,Pearson3,0.016026973724365234,2350.302132986273,3.63862566981617e-05
2,normal,Johnson,0.12294316291809082,2348.6866661293234,3.097879306660999e-05
2,normal,4Param_GG,0.08240795135498047,2350.274822815464,3.37062623131628e-05
2,exponential,Bez_MLE,0.32035160064697266,2258.3978460541607,2.2424702440603172e-05
2,exponential,Gen_Beta,0.0368807315826416,1741.5462617572762,4.275741065319809e-05
2,exponential,Pearson3,0.06725430488586426,1741.6731240958993,4.649359593761833e-05
2,exponential,Johnson,0.10843420028686523,1752.2660238624098,0.00025920558691771043
2,exponential,4Param_GG,0.09310722351074219,1739.4108580957575,4.2384152925451015e-05
2,lognormal,Bez_MLE,0.33321666717529297,2202.0999908339973,4.3443581012485184e-05
2,lognormal,Gen_Beta,0.043633460998535156,2231.0289802318503,0.0008603728534731439
2,lognormal,Pearson3,0.04169583320617676,2230.911298956228,0.0009357086526702003
2,lognormal,Johnson,0.1552739143371582,2199.0038105294557,3.0370137219552418e-05
2,lognormal,4Param_GG,0.07863306999206543,2199.3770218466807,6.012123903067448e-05
2,chi_square,Bez_MLE,0.3264448642730713,2224.9867385656357,1.5679797652817187e-05
2,chi_square,Gen_Beta,0.05133247375488281,2506.6565053869135,6.750235522776743e-05
2,chi_square,Pearson3,0.018656253814697266,2506.639469193191,7.310440000732115e-05
2,chi_square,Johnson,0.12185835838317871,2506.4384047154745,5.593951976571945e-05
2,chi_square,4Param_GG,0.07840871810913086,2506.0851560433402,5.804053520736686e-05
2,rayleigh,Bez_MLE,0.31261324882507324,2233.730418596262,1.4640017758197553e-05
2,rayleigh,Gen_Beta,0.03049182891845703,960.7854011688048,0.0001455893723838836
2,rayleigh,Pearson3,0.015990734100341797,968.2668755552663,0.00028665168302578027
2,rayleigh,Johnson,0.11000871658325195,964.4411356735868,0.00018235775987941814
2,rayleigh,4Param_GG,0.03592324256896973,957.6518177841692,6.357291348788221e-05
2,weibull,Bez_MLE,0.3133234977722168,2216.7670903049257,3.949645963257008e-05
2,weibull,Gen_Beta,0.01578831672668457,1172.6281015338916,8.072124902491392e-05
2,weibull,Pearson3,0.02283787727355957,1183.058648686678,0.00021480312521325717
2,weibull,Johnson,0.10071754455566406,1174.7832105565253,9.22542313377995e-05
2,weibull,4Param_GG,0.043267250061035156,1169.7448031523636,3.556841994288564e-05
2,logistic,Bez_MLE,0.4621467590332031,2163.0223734002666,3.15429820460155e-05
2,logistic,Gen_Beta,0.0804281234741211,2510.2999285894557,0.00033453579732462056
2,logistic,Pearson3,0.04014754295349121,2510.2817572512004,0.0003320532274201935
2,logistic,Johnson,0.1689753532409668,2493.7369192239616,5.1785450491813225e-05
2,logistic,4Param_GG,0.1437699794769287,2511.1679586077335,0.00038245147670035076
2,gumbel,Bez_MLE,0.5274868011474609,2234.300323104354,2.1137678339239574e-05
2,gumbel,Gen_Beta,0.04703235626220703,2590.04028879837,9.677923719206291e-05
2,gumbel,Pearson3,0.028696537017822266,2590.04028816373,9.677433458627812e-05
2,gumbel,Johnson,0.26070117950439453,2588.9573025224986,4.56912671115094e-05
2,gumbel,4Param_GG,0.13877415657043457,2590.087734668602,9.277704238135745e-05
2,laplace,Bez_MLE,0.49562644958496094,2164.085270692681,6.935557562020507e-05
2,laplace,Gen_Beta,0.021730422973632812,1766.0932841512395,0.001537846153322404
2,laplace,Pearson3,0.024460792541503906,1766.0900629534158,0.0015358161715837402
2,laplace,Johnson,0.11117053031921387,1711.073204073638,6.692401329734176e-05
2,laplace,4Param_GG,0.08104801177978516,1767.1140738091826,0.0015662041729784361
2,trimodal,Bez_MLE,0.28432655334472656,2202.9936829893204,0.0024487072608733204
2,trimodal,Gen_Beta,0.036865234375,2434.730374286474,0.004622005955523601
2,trimodal,Pearson3,0.02490377426147461,2552.478751213689,0.006117785691216016
2,trimodal,Johnson,0.1178579330444336,2332.3395386267794,0.004783375113395994
2,trimodal,4Param_GG,0.08350467681884766,2528.403673891395,0.005377260895120219
3,gamma,Bez_MLE,0.32083725929260254,2215.847631913306,7.172865983370204e-05
3,gamma,Gen_Beta,0.028104782104492188,3035.6787863115605,7.41758330674714e-05
3,gamma,Pearson3,0.013533830642700195,3035.678808501086,7.423311503365935e-05
3,gamma,Johnson,0.12730193138122559,3036.1357922025436,7.033454388006594e-05
3,gamma,4Param_GG,0.08109402656555176,3035.058427287757,4.888177914932482e-05
3,normal,Bez_MLE,0.3013768196105957,2222.7455645882224,3.318750121338296e-05
3,normal,Gen_Beta,0.04502463340759277,2166.3051516157484,7.392064419654125e-05
3,normal,Pearson3,0.03465914726257324,2166.305125970536,7.39151666454936e-05
3,normal,Johnson,0.11876726150512695,2166.2733807696677,6.628156986629221e-05
3,normal,4Param_GG,0.08084630966186523,2166.588540741053,7.745365113346261e-05
3,exponential,Bez_MLE,0.3149116039276123,2266.7332408254892,1.2346553754942578e-05
3,exponential,Gen_Beta,0.054105281829833984,685.10754007184,0.00012119244314075592
3,exponential,Pearson3,0.05603337287902832,685.5227941857642,8.498832890410329e-05
3,exponential,Johnson,0.11826801300048828,696.2261366674124,0.00027246193332459376
3,exponential,4Param_GG,0.08312797546386719,684.9730297413805,0.0002503453266840369
3,lognormal,Bez_MLE,0.33984851837158203,2073.282079554655,0.00017377686237784177
3,lognormal,Gen_Beta,0.05595660209655762,2781.6968585900486,0.001230801648327013
3,lognormal,Pearson3,0.09533858299255371,2591.152926641031,0.01340064553057118
3,lognormal,Johnson,0.1264491081237793,2424.1064618587343,6.390555647471939e-05
3,lognormal,4Param_GG,0.08375215530395508,2516.7576263166707,0.0024043056001955476
3,chi_square,Bez_MLE,0.3190319538116455,2217.8067973701027,3.553350329452947e-05
3,chi_square,Gen_Beta,0.05569052696228027,2304.593935480813,3.528804307972317e-05
3,chi_square,Pearson3,0.021162986755371094,2304.5781068338156,3.766550055648336e-05
3,chi_square,Johnson,0.11211228370666504,2306.716193389633,6.47736729278193e-05
3,chi_square,4Param_GG,0.04475712776184082,2304.389820820368,3.7070350968482754e-05
3,rayleigh,Bez_MLE,0.30746889114379883,2242.6682129785586,2.409407556349022e-05
3,rayleigh,Gen_Beta,0.016749858856201172,960.3171214395297,3.138764376539657e-05
3,rayleigh,Pearson3,0.013916015625,970.6977656122427,0.00019115795490525539
3,rayleigh,Johnson,0.10139155387878418,963.1671033323682,4.837307003753828e-05
3,rayleigh,4Param_GG,0.04538393020629883,959.4315041092063,5.407888297938106e-05
3,weibull,Bez_MLE,0.2976982593536377,2263.7834099332167,1.2436593961677386e-05
3,weibull,Gen_Beta,0.016536474227905273,795.3693902879854,0.00010272850341053103
3,weibull,Pearson3,0.027670621871948242,803.6776687921259,8.1654987415472e-05
3,weibull,Johnson,0.11680483818054199,796.2651708401077,7.396053834770157e-05
3,weibull,4Param_GG,0.06419038772583008,793.1657539284857,6.404622415391226e-05
3,logistic,Bez_MLE,0.511824369430542,2161.9691838903545,3.0451055978645585e-05
3,logistic,Gen_Beta,0.03219151496887207,1888.6603670897957,0.0002276754976142127
3,logistic,Pearson3,0.04992532730102539,1888.6516368078633,0.00022745887734002384
3,logistic,Johnson,0.19856691360473633,1875.1424263718504,2.6472537323501522e-05
3,logistic,4Param_GG,0.07473134994506836,2942.2493153872797,0.07574951710155196
3,gumbel,Bez_MLE,0.35567235946655273,2196.019075629917,2.3599577065664532e-05
3,gumbel,Gen_Beta,0.0509343147277832,2207.3143706823716,0.00012090966457466657
3,gumbel,Pearson3,0.01844930648803711,2207.0437422339965,0.00012321706778996506
3,gumbel,Johnson,0.14898180961608887,2202.969013759986,2.9985482958779853e-05
3,gumbel,4Param_GG,0.0284879207611084,2212.533440961593,0.00025520084997868045
3,laplace,Bez_MLE,0.31070470809936523,2193.0617537167345,4.055152648380964e-05
3,laplace,Gen_Beta,0.060790300369262695,2604.2443885292705,0.00116126134940599
3,laplace,Pearson3,0.026446104049682617,2604.154413772999,0.0011460204731235132
3,laplace,Johnson,0.1297469139099121,2563.219746316122,6.555759001770342e-05
3,laplace,4Param_GG,0.13399529457092285,2604.889821099709,0.0011622999821396184
3,trimodal,Bez_MLE,0.46587061882019043,2248.971605435635,0.0001088379877813641
3,trimodal,Gen_Beta,0.034317731857299805,1997.5842798917743,0.0008440812234374223
3,trimodal,Pearson3,0.03370380401611328,2040.4874346020574,0.0010201096190533292
3,trimodal,Johnson,0.20055150985717773,1992.9585136295545,0.0006512406597267665
3,trimodal,4Param_GG,0.10840082168579102,2026.8616062217425,0.0007267222373559804
4,gamma,Bez_MLE,0.3196423053741455,2244.4050703185894,1.5201920805777197e-05
4,gamma,Gen_Beta,0.04411506652832031,1999.4440947593093,4.531186204235219e-05
4,gamma,Pearson3,0.020673036575317383,2000.0808108180997,3.679645080898686e-05
4,gamma,Johnson,0.10919451713562012,1998.5535430547193,1.988141228480509e-05
4,gamma,4Param_GG,0.0207974910736084,1999.783136131415,4.319386955587088e-05
4,normal,Bez_MLE,0.31215405464172363,2207.6909612690406,2.567132827748676e-05
4,normal,Gen_Beta,0.02133941650390625,1819.4015462966931,9.801091321878541e-06
4,normal,Pearson3,0.03280997276306152,1819.741903334681,1.4581904002585528e-05
4,normal,Johnson,0.10808753967285156,1819.3996079885428,9.793708324171799e-06
4,normal,4Param_GG,0.08216428756713867,1819.4422965347399,1.0623103697379847e-05
4,exponential,Bez_MLE,0.31061458587646484,2250.6891959441127,1.4358453022070412e-05
4,exponential,Gen_Beta,0.04943108558654785,2091.1033399684648,0.0001192804430937401
4,exponential,Pearson3,0.03474712371826172,2091.845862636189,5.333110470282005e-05
4,exponential,Johnson,0.12423348426818848,2102.744107549091,0.00020092052797742398
4,exponential,4Param_GG,0.08346676826477051,2091.385760485438,7.387654255612356e-05
4,lognormal,Bez_MLE,0.3400428295135498,2171.1635552905477,6.125272415354625e-05
4,lognormal,Gen_Beta,0.05163145065307617,2241.03504676676,0.0005432339431016033
4,lognormal,Pearson3,0.031171560287475586,2240.9602510277596,0.0005067904647825002
4,lognormal,Johnson,0.14713072776794434,2222.17496993066,5.5389859815616215e-05
4,lognormal,4Param_GG,0.07569622993469238,2223.1688478498,7.014756217542902e-05
4,chi_square,Bez_MLE,0.3334965705871582,2202.2787182128372,2.7961864379203483e-05
4,chi_square,Gen_Beta,0.029492855072021484,2838.430484751017,0.0001998674239592117
4,chi_square,Pearson3,0.018616676330566406,2827.976416631058,2.6342249800503036e-05
4,chi_square,Johnson,0.15995407104492188,2828.3688975376385,3.3841020577069606e-05
4,chi_square,4Param_GG,0.07793235778808594,2828.0182964575324,2.7254947209868632e-05
4,rayleigh,Bez_MLE,0.3128945827484131,2246.98067736679,1.0983121406168985e-05
4,rayleigh,Gen_Beta,0.02861762046813965,1577.0097390351975,6.713447407722298e-05
4,rayleigh,Pearson3,0.012452363967895508,1580.582258787846,0.00010630267989586981
4,rayleigh,Johnson,0.11800980567932129,1579.1239334701781,7.868256379031446e-05
4,rayleigh,4Param_GG,0.04227781295776367,1575.2477148950134,4.037645148660321e-05
4,weibull,Bez_MLE,0.3257577419281006,2249.255801089865,1.9072509527105376e-05
4,weibull,Gen_Beta,0.021300554275512695,1690.2306714667825,8.008621316294295e-05
4,weibull,Pearson3,0.013853311538696289,1694.428343710397,8.77552222403462e-05
4,weibull,Johnson,0.11301231384277344,1694.261337933829,7.105887184690871e-05
4,weibull,4Param_GG,0.044585227966308594,1687.5936628379472,6.304654824949515e-05
4,logistic,Bez_MLE,0.318695068359375,2201.7962135320977,2.0207179763551604e-05
4,logistic,Gen_Beta,0.020635128021240234,1956.5662050831033,0.00025700851447613864
4,logistic,Pearson3,0.022010087966918945,1956.5616372333125,0.00025610508669306686
4,logistic,Johnson,0.11017346382141113,1944.3741944903677,2.562668589055208e-05
4,logistic,4Param_GG,0.08145332336425781,1956.8865324177432,0.00025835642216656896
4,gumbel,Bez_MLE,0.34087252616882324,2156.4284023336613,7.39013641614433e-05
4,gumbel,Gen_Beta,0.045163869857788086,2464.593037384836,0.00027344944105100224
4,gumbel,Pearson3,0.019997596740722656,2462.6312902392224,0.0002473235795844985
4,gumbel,Johnson,0.12945008277893066,2454.0077567713556,5.780660181976712e-05
4,gumbel,4Param_GG,0.0820920467376709,2460.272562117113,0.000205447604696131
4,laplace,Bez_MLE,0.3223235607147217,2169.726798538667,7.590351778991802e-05
4,laplace,Gen_Beta,0.0500030517578125,2018.3878703930322,0.0015672013815056266
4,laplace,Pearson3,0.019712209701538086,2018.3574786591205,0.001566761557448269
4,laplace,Johnson,0.1116480827331543,1972.028201802561,0.00018123845333960415
4,laplace,4Param_GG,0.07871890068054199,2019.1408521113235,0.0015983783303871264
4,trimodal,Bez_MLE,0.2897772789001465,2209.152542450417,0.0020169977035025865
4,trimodal,Gen_Beta,0.05320310592651367,2232.8560393965236,0.007054109303640418
4,trimodal,Pearson3,0.02837061882019043,2344.867856861397,0.005384688491871438
4,trimodal,Johnson,0.11095762252807617,2117.2080209291416,0.004124982584573788
4,trimodal,4Param_GG,0.08283019065856934,2248.446096346812,0.005112543814409816
5,gamma,Bez_MLE,0.3178730010986328,2235.5411460950936,1.2489217153075646e-05
5,gamma,Gen_Beta,0.04330873489379883,1657.0093302806358,3.1080777095682976e-05
5,gamma,Pearson3,0.042067527770996094,1657.4486587017204,5.038455526094169e-05
5,gamma,Johnson,0.1314859390258789,1674.892744892837,0.0002876395893893171
5,gamma,4Param_GG,0.06996536254882812,1655.9546970163426,2.3620620719027048e-05
5,normal,Bez_MLE,0.31880903244018555,2196.0455559538286,0.00010150846224647457
5,normal,Gen_Beta,0.053963661193847656,1494.984317002091,6.65816469014958e-05
5,normal,Pearson3,0.021857023239135742,1494.9364141672424,6.38783453659057e-05
5,normal,Johnson,0.10477089881896973,1494.5383923692668,6.438709869776194e-05
5,normal,4Param_GG,0.07656502723693848,1495.1453916355617,6.556083577330219e-05
5,exponential,Bez_MLE,0.31946802139282227,2265.6519914197916,1.3962657991279373e-05
5,exponential,Gen_Beta,0.05544257164001465,1779.5697710479644,5.8193515708358535e-05
5,exponential,Pearson3,0.06627750396728516,1779.6894004663966,4.032683251644788e-05
5,exponential,Johnson,0.12907791137695312,1785.794367811973,0.0001295048549104489
5,exponential,4Param_GG,0.14322423934936523,1779.823547932866,4.6315338128108005e-05
5,lognormal,Bez_MLE,0.5321369171142578,2162.321520146291,9.26056077427796e-05
5,lognormal,Gen_Beta,0.079559326171875,482.68934776955393,2.80703600809918e-05
5,lognormal,Pearson3,0.045304059982299805,482.68261673262157,2.851215670022855e-05
5,lognormal,Johnson,0.22492074966430664,482.639884866986,3.387608149780905e-05
5,lognormal,4Param_GG,0.08392548561096191,482.6578023806984,2.8781979156495713e-05
5,chi_square,Bez_MLE,0.3329646587371826,2188.4611543544397,4.355362386901784e-05
5,chi_square,Gen_Beta,0.05161690711975098,2798.562715660458,3.321497452710391e-05
5,chi_square,Pearson3,0.018813371658325195,2798.5366916152752,3.1426474269440954e-05
5,chi_square,Johnson,0.12126326560974121,2798.368789623537,5.033867302833192e-05
5,chi_square,4Param_GG,0.07905387878417969,2798.20719686195,3.821263600579544e-05
5,rayleigh,Bez_MLE,0.30884861946105957,2260.39715835656,3.3764590723944286e-05
5,rayleigh,Gen_Beta,0.014525651931762695,922.2815927669872,7.961641972038024e-05
5,rayleigh,Pearson3,0.016199350357055664,929.8294540718064,7.424366996187871e-05
5,rayleigh,Johnson,0.11093878746032715,923.829799100959,6.262500256533667e-05
5,rayleigh,4Param_GG,0.03405952453613281,922.2754815796425,8.889072726325351e-05
5,weibull,Bez_MLE,0.3144872188568115,2221.443731855867,1.9610401807355146e-05
5,weibull,Gen_Beta,0.011390924453735352,-95.79762528069703,3.866567327038828e-05
5,weibull,Pearson3,0.020728111267089844,-92.1896613632255,8.941682400096266e-05
5,weibull,Johnson,0.11147952079772949,-95.27412506917025,3.6017327492977463e-05
5,weibull,4Param_GG,0.041810035705566406,-96.00336778573278,5.7121563719509275e-05
5,logistic,Bez_MLE,0.3234272003173828,2171.7880878979386,4.326761616900944e-05
5,logistic,Gen_Beta,0.05139636993408203,1943.7735150522035,0.0002667869624540521
5,logistic,Pearson3,0.02182793617248535,1943.7658708712838,0.0002675729794174146
5,logistic,Johnson,0.10344886779785156,1924.3717185878224,3.0262917792796463e-05
5,logistic,4Param_GG,0.08118605613708496,1944.2712841536656,0.00028350539283355814
5,gumbel,Bez_MLE,0.3195607662200928,2229.1644577227285,1.5515795368554204e-05
5,gumbel,Gen_Beta,0.04865694046020508,1020.5537414015525,0.00011323412926140542
5,gumbel,Pearson3,0.023826122283935547,1020.5395213786805,0.00010993605273053318
5,gumbel,Johnson,0.12268829345703125,1018.1923149002012,2.7697306409633095e-05
5,gumbel,4Param_GG,0.07963418960571289,1019.690786583576,8.267704966309954e-05
5,laplace,Bez_MLE,0.3192884922027588,2136.583245406822,4.813058447402145e-05
5,laplace,Gen_Beta,0.01806950569152832,2387.370548034117,0.0021284645766981095
5,laplace,Pearson3,0.02669501304626465,2387.3458106125518,0.0021242011875521544
5,laplace,Johnson,0.10164356231689453,2305.8664774573926,7.272037794139963e-05
5,laplace,4Param_GG,0.08359336853027344,2387.7510262193573,0.002143939204010068
5,trimodal,Bez_MLE,0.2986185550689697,2112.5009667315826,0.002024780766305383
5,trimodal,Gen_Beta,0.03684091567993164,2671.800272011765,0.0300448045275127
5,trimodal,Pearson3,0.02560901641845703,2263.002436395466,0.008142999144849578
5,trimodal,Johnson,0.10464882850646973,2082.628732595281,0.004276948112415455
5,trimodal,4Param_GG,0.08411574363708496,2714.413125067536,0.07695416042326593
6,gamma,Bez_MLE,0.31020641326904297,2233.0548253862407,4.589592478770179e-05
6,gamma,Gen_Beta,0.05558276176452637,2738.902828750189,5.6687387113437397e-05
6,gamma,Pearson3,0.01612401008605957,2738.88013225718,5.294813772700442e-05
6,gamma,Johnson,0.12247896194458008,2739.1622907688343,7.041234068218325e-05
6,gamma,4Param_GG,0.08437585830688477,2738.7166539380864,5.7966892186658496e-05
6,normal,Bez_MLE,0.30589818954467773,2219.894679067418,2.6613428638258477e-05
6,normal,Gen_Beta,0.0271303653717041,849.8412720969591,4.5450230694376295e-05
6,normal,Pearson3,0.024665355682373047,849.8330707682389,4.8480500297933645e-05
6,normal,Johnson,0.1422595977783203,849.7524470742156,4.066177690980685e-05
6,normal,4Param_GG,0.13852977752685547,850.2209203774893,6.604492443326876e-05
6,exponential,Bez_MLE,0.5218205451965332,2257.2447224988655,2.007184088105206e-05
6,exponential,Gen_Beta,0.09011650085449219,1124.9206125846001,7.261451587328808e-05
6,exponential,Pearson3,0.12115168571472168,1125.4682449110935,6.716395974788194e-05
6,exponential,Johnson,0.1872086524963379,1138.110750173442,0.0001806502738511682
6,exponential,4Param_GG,0.13593387603759766,1124.5966261134574,6.874188533889712e-05
6,lognormal,Bez_MLE,0.5543367862701416,2220.4726815973318,1.4996298783631764e-05
6,lognormal,Gen_Beta,0.0696258544921875,1094.2186548917516,0.0008330681492034223
6,lognormal,Pearson3,0.118408203125,1096.0085415560086,0.000863672943531698
6,lognormal,Johnson,0.23399114608764648,1039.7575583668272,4.3664441756500054e-05
6,lognormal,4Param_GG,0.1428060531616211,1046.626517094523,0.0002899972332243534
6,chi_square,Bez_MLE,0.5025830268859863,2248.7126829005597,3.032849345725584e-05
6,chi_square,Gen_Beta,0.054096221923828125,2632.028330515138,7.835328034625248e-05
6,chi_square,Pearson3,0.022938966751098633,2632.81774559696,8.113236857701936e-05
6,chi_square,Johnson,0.1389913558959961,2633.7120361625357,8.927657145020593e-05
6,chi_square,4Param_GG,0.07923412322998047,2631.4190542044016,7.040071758623585e-05
6,rayleigh,Bez_MLE,0.3001368045806885,2251.6244049104016,8.84763745102395e-06
6,rayleigh,Gen_Beta,0.021214723587036133,1098.2393784700616,2.808762273731294e-05
6,rayleigh,Pearson3,0.013901472091674805,1103.5522031205237,8.119285952231975e-05
6,rayleigh,Johnson,0.10467410087585449,1099.8457233328313,4.652914364997886e-05
6,rayleigh,4Param_GG,0.03515434265136719,1097.9273458740574,1.3720451902459764e-05
6,weibull,Bez_MLE,0.29866886138916016,2243.7177267912384,2.3436128429820595e-05
6,weibull,Gen_Beta,0.015808582305908203,811.0625860550639,1.5347400017537907e-05
6,weibull,Pearson3,0.023510217666625977,815.2061016849357,5.76454240764392e-05
6,weibull,Johnson,0.11158466339111328,811.4198644987223,1.5210903394601322e-05
6,weibull,4Param_GG,0.0417637825012207,810.4308376495231,2.2028757610535935e-05
6,logistic,Bez_MLE,0.3231933116912842,2163.482072569307,4.939557629274581e-05
6,logistic,Gen_Beta,0.018634796142578125,3079.054366529327,0.00027764655144968533
6,logistic,Pearson3,0.026398420333862305,3079.0353263010215,0.0002827192088851907
6,logistic,Johnson,0.1204369068145752,3064.248530013935,3.0228276040251162e-05
6,logistic,4Param_GG,0.05457639694213867,5004.039476515364,0.1590408479955505
6,gumbel,Bez_MLE,0.32914018630981445,2193.7497161397287,4.536940166277251e-05
6,gumbel,Gen_Beta,0.020939111709594727,2087.5016468356325,0.0003451689352515353
6,gumbel,Pearson3,0.01736283302307129,2080.0667280483913,0.00019120044522816403
6,gumbel,Johnson,0.13274002075195312,2071.1958421960003,2.6516423031832222e-05
6,gumbel,4Param_GG,0.08041238784790039,2076.379169751305,0.00011826028052081653
6,laplace,Bez_MLE,0.32468080520629883,2188.51214162712,2.6980167586160785e-05
6,laplace,Gen_Beta,0.02086329460144043,2813.5125990586,0.0022990519650912702
6,laplace,Pearson3,0.021456480026245117,2813.478223281376,0.0023009486541473753
6,laplace,Johnson,0.12201857566833496,2732.6619596771548,9.941622995318883e-05
6,laplace,4Param_GG,0.07796812057495117,2813.783499284992,0.0023137334936661194
6,trimodal,Bez_MLE,0.29603147506713867,2154.148075191564,0.00046808784713148666
6,trimodal,Gen_Beta,0.05228304862976074,2721.4081680574222,0.021977405353971552
6,trimodal,Pearson3,0.02394247055053711,2338.217474195841,0.00595525756464186
6,trimodal,Johnson,0.10691404342651367,2292.6865639665752,0.0035082167175790255
6,trimodal,4Param_GG,0.08380365371704102,2334.3722003066505,0.005148594821120016
7,gamma,Bez_MLE,0.3131847381591797,2254.039309412301,2.4134416478184316e-05
7,gamma,Gen_Beta,0.04050922393798828,2400.8401185513812,9.56831282737796e-05
7,gamma,Pearson3,0.020664215087890625,2400.954588505915,8.536445652788087e-05
7,gamma,Johnson,0.11172270774841309,2399.722758520174,3.927111625445454e-05
7,gamma,4Param_GG,0.026098251342773438,2400.9505722283975,8.683665067927066e-05
7,normal,Bez_MLE,0.3042008876800537,2221.23332785847,2.5875074399885353e-05
7,normal,Gen_Beta,0.022685766220092773,1297.6051229013742,4.7026175200923905e-05
7,normal,Pearson3,0.0346527099609375,1297.9672002702841,5.129178365415956e-05
7,normal,Johnson,0.10414624214172363,1297.6331244618154,4.709601947232683e-05
7,normal,4Param_GG,0.07682418823242188,1297.8210953070723,4.98574797704427e-05
7,exponential,Bez_MLE,0.3109145164489746,2267.823677524959,1.8038444964474923e-05
7,exponential,Gen_Beta,0.03970646858215332,2019.3590823659124,0.000252423310218099
7,exponential,Pearson3,0.06607198715209961,2018.3260663295046,0.00010086581418919338
7,exponential,Johnson,0.11815595626831055,2020.4942458299824,8.337120037570579e-05
7,exponential,4Param_GG,0.11850500106811523,2017.0815118962778,0.00011676019478292472
7,lognormal,Bez_MLE,0.5562231540679932,2234.760244096511,7.419556068613144e-06
7,lognormal,Gen_Beta,0.08911752700805664,2252.3121464694927,0.0011439254907474451
7,lognormal,Pearson3,0.055522918701171875,2252.312144754395,0.0011434456179066608
7,lognormal,Johnson,0.25338220596313477,2217.9170013941102,1.2836927914154028e-05
7,lognormal,4Param_GG,0.08401632308959961,2219.2340045431165,4.031667819572712e-05
7,chi_square,Bez_MLE,0.3144567012786865,2218.21863766058,2.8622507486164184e-05
7,chi_square,Gen_Beta,0.021383285522460938,2673.5440077120466,7.062067638310084e-05
7,chi_square,Pearson3,0.01606130599975586,2673.5440349073465,7.061143619217954e-05
7,chi_square,Johnson,0.10910201072692871,2674.479691483548,7.049915546222311e-05
7,chi_square,4Param_GG,0.06175875663757324,2672.7171651153426,4.736467142245011e-05
7,rayleigh,Bez_MLE,0.3133201599121094,2226.108037221241,1.9518960115652982e-05
7,rayleigh,Gen_Beta,0.03246116638183594,2000.8313260569485,3.736364897483927e-05
7,rayleigh,Pearson3,0.015294790267944336,2004.4478147591535,0.00010988000037408311
7,rayleigh,Johnson,0.1136329174041748,2003.1382613297487,5.75130807550034e-05
7,rayleigh,4Param_GG,0.038405418395996094,1998.9309173826855,2.1204757471138458e-05
7,weibull,Bez_MLE,0.3054986000061035,2233.8603304526396,2.158517081091506e-05
7,weibull,Gen_Beta,0.03467893600463867,917.3610779674665,2.3564874522279242e-05
7,weibull,Pearson3,0.01401066780090332,917.6062600926704,2.3931026290287962e-05
7,weibull,Johnson,0.11144089698791504,917.6096118861725,2.1793234712711956e-05
7,weibull,4Param_GG,0.041710853576660156,917.3164794292186,2.492647582695782e-05
7,logistic,Bez_MLE,0.3120434284210205,2183.0971688088393,3.061573723194963e-05
7,logistic,Gen_Beta,0.062456607818603516,2922.5868292436962,0.00031988917150098145
7,logistic,Pearson3,0.026476621627807617,2922.565149531055,0.0003168303720828318
7,logistic,Johnson,0.12147665023803711,2905.5168307072327,4.329601152713906e-05
7,logistic,4Param_GG,0.08434176445007324,4942.052913631014,0.1440166774665071
7,gumbel,Bez_MLE,0.32285571098327637,2178.401815509137,2.823239108839157e-05
7,gumbel,Gen_Beta,0.05133628845214844,2636.0026615983516,0.0002020174221468795
7,gumbel,Pearson3,0.020341873168945312,2636.001405231219,0.00020256378888174238
7,gumbel,Johnson,0.11945033073425293,2626.612825693387,3.2512722145523586e-05
7,gumbel,4Param_GG,0.07906317710876465,2634.8673435782703,0.00016536041226815535
7,laplace,Bez_MLE,0.32865476608276367,2195.5097184509737,1.8389906799909297e-05
7,laplace,Gen_Beta,0.02353215217590332,1515.797239980623,0.0017697837962177936
7,laplace,Pearson3,0.07755756378173828,1515.7913529806528,0.0017735448852253437
7,laplace,Johnson,0.10213375091552734,1456.7692386758142,6.984309841595021e-05
7,laplace,4Param_GG,0.07888269424438477,1517.6003644602067,0.001878324260882023
7,trimodal,Bez_MLE,0.27845120429992676,2245.300710699381,0.0005559564555359653
7,trimodal,Gen_Beta,0.05737948417663574,2395.22232586077,0.0020564259222121493
7,trimodal,Pearson3,0.017687559127807617,2453.8692186759476,0.0027759746754418327
7,trimodal,Johnson,0.10480022430419922,2319.2404958012507,0.0013440457949329021
7,trimodal,4Param_GG,0.08382821083068848,2329.680222981792,0.0018854252724226053
8,gamma,Bez_MLE,0.3327629566192627,2230.299477062216,2.0834365807868752e-05
8,gamma,Gen_Beta,0.048401832580566406,1839.1477643894546,6.0551110425856966e-05
8,gamma,Pearson3,0.024648189544677734,1839.136260015817,6.0097708365284166e-05
8,gamma,Johnson,0.11457347869873047,1840.088111473042,5.2355859716276253e-05
8,gamma,4Param_GG,0.04134559631347656,1839.0603264986237,5.346516415472352e-05
8,normal,Bez_MLE,0.31105709075927734,2220.872053050738,3.2554087644927306e-05
8,normal,Gen_Beta,0.017939090728759766,1693.4923895101324,7.920034137725332e-05
8,normal,Pearson3,0.02525639533996582,1693.4468934729925,6.973141496895305e-05
8,normal,Johnson,0.13963651657104492,1693.355748712657,6.233089367065231e-05
8,normal,4Param_GG,0.13814163208007812,1693.4670735282884,7.012775788152581e-05
8,exponential,Bez_MLE,0.5064518451690674,2259.5379364402443,8.333048788051845e-06
8,exponential,Gen_Beta,0.0970773696899414,1056.5999626319222,8.843969777621757e-05
8,exponential,Pearson3,0.1314399242401123,1057.2289967064262,0.0002743808924522181
8,exponential,Johnson,0.1838083267211914,1060.972538884405,0.00017351788388911006
8,exponential,4Param_GG,0.08748912811279297,1056.247290758602,8.895545939795355e-05
8,lognormal,Bez_MLE,0.5550198554992676,2180.0085092690742,5.214149801225326e-05
8,lognormal,Gen_Beta,0.10418462753295898,1276.3665975610909,0.0006983633925581608
8,lognormal,Pearson3,0.06247973442077637,1276.264219182148,0.000749338998876763
8,lognormal,Johnson,0.18102431297302246,1248.88065892145,7.745450289230584e-05
8,lognormal,4Param_GG,0.08375406265258789,1247.676124559027,2.8725464281993883e-05
8,chi_square,Bez_MLE,0.3210108280181885,2248.0824479487997,1.6966403206703272e-05
8,chi_square,Gen_Beta,0.04727673530578613,2277.4118885136468,0.0001470247904050548
8,chi_square,Pearson3,0.019802093505859375,2277.411616383619,0.00014555553303737242
8,chi_square,Johnson,0.11198711395263672,2281.7859043420594,9.833517171090945e-05
8,chi_square,4Param_GG,0.04846048355102539,2277.3358108533603,0.00014888931594994904
8,rayleigh,Bez_MLE,0.31294846534729004,2231.7497095037206,2.321260018345299e-05
8,rayleigh,Gen_Beta,0.020827293395996094,831.4849144617795,8.163210608797378e-05
8,rayleigh,Pearson3,0.017208337783813477,837.0865320529399,0.00016902984763166634
8,rayleigh,Johnson,0.10779738426208496,833.891485040017,9.962301498339872e-05
8,rayleigh,4Param_GG,0.03523659706115723,828.2817711282794,2.5901999545450113e-05
8,weibull,Bez_MLE,0.32425642013549805,2251.9278529401854,1.9836594852961916e-05
8,weibull,Gen_Beta,0.021939754486083984,1667.1394188377024,5.618209490154893e-05
8,weibull,Pearson3,0.01450657844543457,1673.9381826044844,0.00013843323096762237
8,weibull,Johnson,0.11107993125915527,1670.1087652908127,6.819206778173808e-05
8,weibull,4Param_GG,0.04445791244506836,1664.0790513609245,2.386505518707392e-05
8,logistic,Bez_MLE,0.3102242946624756,2210.804647025563,2.028782610795198e-05
8,logistic,Gen_Beta,0.019121170043945312,1610.3642190755522,0.0004155850387247084
8,logistic,Pearson3,0.029145479202270508,1610.3500266786546,0.00041689079914465643
8,logistic,Johnson,0.1163787841796875,1592.2746138692642,5.4761773407953694e-05
8,logistic,4Param_GG,0.08262085914611816,1611.3190486751105,0.0004526481328630853
8,gumbel,Bez_MLE,0.31995224952697754,2194.846490003965,6.320988907726856e-05
8,gumbel,Gen_Beta,0.021993160247802734,1878.1346226882504,4.983205636185154e-05
8,gumbel,Pearson3,0.015750646591186523,1878.134675195063,4.985139785546726e-05
8,gumbel,Johnson,0.11517548561096191,1878.5620006080917,5.732793249022325e-05
8,gumbel,4Param_GG,0.08438420295715332,1878.053535398355,4.037294471962977e-05
8,laplace,Bez_MLE,0.3232405185699463,2140.5739097427895,2.2503786983401065e-05
8,laplace,Gen_Beta,0.05084872245788574,2731.5653653874206,0.001595238640091138
8,laplace,Pearson3,0.023492097854614258,2731.485591860417,0.0016059809014022741
8,laplace,Johnson,0.11283063888549805,2669.5952388647274,7.121752447887394e-05
8,laplace,4Param_GG,0.0784614086151123,2732.2911676903914,0.0016233114164642343
8,trimodal,Bez_MLE,0.2879328727722168,2201.499541988883,0.0017736329820802505
8,trimodal,Gen_Beta,0.029341936111450195,2426.655028158998,0.01137241318546552
8,trimodal,Pearson3,0.02823042869567871,2403.4332002411556,0.004159199607757002
8,trimodal,Johnson,0.10430002212524414,2236.2792332990475,0.00469093871394635
8,trimodal,4Param_GG,0.07651424407958984,2265.3302330095285,0.00543627345529969
9,gamma,Bez_MLE,0.317641019821167,2229.364061331823,2.0127971309326422e-05
9,gamma,Gen_Beta,0.05025458335876465,1550.865736620758,3.560856791972389e-05
9,gamma,Pearson3,0.029010534286499023,1550.8606210686648,3.719558890178644e-05
9,gamma,Johnson,0.11051750183105469,1555.2011108587608,6.198753585499833e-05
9,gamma,4Param_GG,0.041457414627075195,1550.7423111623525,2.7824206691566165e-05
9,normal,Bez_MLE,0.31461477279663086,2197.2620303890094,3.972185220882095e-05
9,normal,Gen_Beta,0.023648500442504883,2020.3565118355402,2.118872305476138e-05
9,normal,Pearson3,0.023839473724365234,2020.0827148128594,2.8745433735474318e-05
9,normal,Johnson,0.12531208992004395,2019.522102696601,2.68232741591403e-05
9,normal,4Param_GG,0.13027024269104004,2020.1688320672351,3.304710486365174e-05
9,exponential,Bez_MLE,0.5169394016265869,2227.386355757214,1.733291584552631e-05
9,exponential,Gen_Beta,0.09292912483215332,2083.658707489267,5.059167244979233e-05
9,exponential,Pearson3,0.12521815299987793,2083.7279259623665,5.206346189044904e-05
9,exponential,Johnson,0.19725799560546875,2104.941910371718,0.0003082650951150939
9,exponential,4Param_GG,0.15087103843688965,2083.913244697348,7.250394550218773e-05
9,lognormal,Bez_MLE,0.5744948387145996,2160.4107832907875,6.25937487024286e-05
9,lognormal,Gen_Beta,0.0901193618774414,1757.1943094013382,0.0022591482850893687
9,lognormal,Pearson3,0.11837244033813477,1768.394543955882,0.003178258429230891
9,lognormal,Johnson,0.18042492866516113,1688.6516332454573,5.251186115696729e-05
9,lognormal,4Param_GG,0.08486819267272949,1743.174510119315,0.0015163501567144642
9,chi_square,Bez_MLE,0.3240785598754883,2240.0472454054825,5.738285483516722e-05
9,chi_square,Gen_Beta,0.02163100242614746,2707.302106154114,4.6563038909640614e-05
9,chi_square,Pearson3,0.01871204376220703,2707.3021063322876,4.656176312146721e-05
9,chi_square,Johnson,0.11950039863586426,2707.836621698808,5.12247632966173e-05
9,chi_square,4Param_GG,0.08094453811645508,2707.2918735907297,4.625613584754812e-05
9,rayleigh,Bez_MLE,0.31627869606018066,2233.7999283950785,2.7758971197116195e-05
9,rayleigh,Gen_Beta,0.019828081130981445,699.6826977393599,9.732060476085321e-05
9,rayleigh,Pearson3,0.017138242721557617,708.0725346052967,0.0002586754127730084
9,rayleigh,Johnson,0.10658526420593262,702.3998045281296,0.0001291848490003163
9,rayleigh,4Param_GG,0.041778564453125,697.6113084107411,5.538620655653441e-05
9,weibull,Bez_MLE,0.31711411476135254,2235.167577191304,2.319827584947214e-05
9,weibull,Gen_Beta,0.017830848693847656,872.7836044999582,3.9025758748144e-05
9,weibull,Pearson3,0.02440190315246582,875.7942972610844,5.56617397122868e-05
9,weibull,Johnson,0.10877251625061035,873.3212053265263,4.038915533291858e-05
9,weibull,4Param_GG,0.03880429267883301,871.8333493743187,2.7695994098618468e-05
9,logistic,Bez_MLE,0.31244421005249023,2228.396898228577,2.9953710404389316e-05
9,logistic,Gen_Beta,0.05552530288696289,2303.2775468512405,0.0003165806937474022
9,logistic,Pearson3,0.02081751823425293,2303.235349376506,0.00031603563380841617
9,logistic,Johnson,0.11801648139953613,2296.6249732876636,6.978840007121542e-05
9,logistic,4Param_GG,0.08074307441711426,3644.9711468890346,0.12754231614409237
9,gumbel,Bez_MLE,0.3211658000946045,2206.6888531585428,2.695484465747584e-05
9,gumbel,Gen_Beta,0.04014730453491211,2142.955227891313,0.00011440121829363651
9,gumbel,Pearson3,0.018578529357910156,2139.4984031280746,4.746352642803994e-05
9,gumbel,Johnson,0.1425468921661377,2138.3468246329503,1.9155915927417013e-05
9,gumbel,4Param_GG,0.08306097984313965,2139.0428729123178,3.621853042771816e-05
9,laplace,Bez_MLE,0.31716227531433105,2186.6803583023684,2.976168108521779e-05
9,laplace,Gen_Beta,0.016985654830932617,2727.337084238662,0.0026689085998034255
9,laplace,Pearson3,0.027591943740844727,2727.307241648262,0.002673016122250844
9,laplace,Johnson,0.11151814460754395,2630.391562466716,5.7947126697972e-05
9,laplace,4Param_GG,0.08264827728271484,4890.4108636474,0.21881402786819582
9,trimodal,Bez_MLE,0.2985687255859375,2219.355237367149,8.105441728550475e-05
9,trimodal,Gen_Beta,0.039350032806396484,2177.7838085538324,0.002089133920776279
9,trimodal,Pearson3,0.023270845413208008,2191.276693277009,0.0014231350886048997
9,trimodal,Johnson,0.12661147117614746,2171.6450555939473,0.0017664063967144966
9,trimodal,4Param_GG,0.08234858512878418,2223.977168288962,0.00305236883788465
10,gamma,Bez_MLE,0.32111334800720215,2238.1390380485163,1.8627535280499314e-05
10,gamma,Gen_Beta,0.05069398880004883,2536.5540057779617,4.500323534446781e-05
10,gamma,Pearson3,0.017728328704833984,2536.548003551562,4.305934148414545e-05
10,gamma,Johnson,0.11042952537536621,2536.7951558279246,3.2886955877301184e-05
10,gamma,4Param_GG,0.06874585151672363,2536.349542260506,3.248829995625824e-05
10,normal,Bez_MLE,0.2986619472503662,2220.4762990160734,2.6344493308801127e-05
10,normal,Gen_Beta,0.028271913528442383,1287.7516585903052,4.141009790528163e-05
10,normal,Pearson3,0.029769420623779297,1287.7539202320263,4.0829705916626706e-05
10,normal,Johnson,0.10856199264526367,1287.7292861054111,4.0773300899093474e-05
10,normal,4Param_GG,0.08493685722351074,1287.7616930527358,4.1055130897766976e-05
10,exponential,Bez_MLE,0.30878138542175293,2239.578165767779,2.678682351278045e-05
10,exponential,Gen_Beta,0.05566287040710449,1081.5186834526448,9.985269816991613e-05
10,exponential,Pearson3,0.08434653282165527,1081.8455967281811,8.964584348459234e-05
10,exponential,Johnson,0.11844539642333984,1102.2365864257292,0.00015531789605913613
10,exponential,4Param_GG,0.08297252655029297,1079.3000398079498,9.121728597408434e-05
10,lognormal,Bez_MLE,0.4874916076660156,2208.476292498636,1.4699892921599348e-05
10,lognormal,Gen_Beta,0.08318090438842773,1781.8850594823323,0.0008478606744785038
10,lognormal,Pearson3,0.06264901161193848,1781.8756037432975,0.0008291112034734351
10,lognormal,Johnson,0.2490229606628418,1757.746871594471,4.904999894155251e-05
10,lognormal,4Param_GG,0.13849711418151855,1768.2517775226656,0.0003047458179166843
10,chi_square,Bez_MLE,0.5212581157684326,2225.7373882883885,2.4721899001196846e-05
10,chi_square,Gen_Beta,0.06202197074890137,2626.26003393606,3.410687420296522e-05
10,chi_square,Pearson3,0.02916097640991211,2626.2645537953595,3.51425150315697e-05
10,chi_square,Johnson,0.19342899322509766,2627.468562301101,4.6941244437647495e-05
10,chi_square,4Param_GG,0.11146020889282227,2626.1845762063085,3.0130022869679465e-05
10,rayleigh,Bez_MLE,0.37391090393066406,2249.141741937464,1.7927260191209117e-05
10,rayleigh,Gen_Beta,0.021608829498291016,1490.198313163921,4.3887146306546734e-05
10,rayleigh,Pearson3,0.016815185546875,1495.3835896666656,5.4240068340617164e-05
10,rayleigh,Johnson,0.10034322738647461,1491.4870718784468,4.2215076591517174e-05
10,rayleigh,4Param_GG,0.0416412353515625,1490.0667298231488,4.536729649053898e-05
10,weibull,Bez_MLE,0.34533071517944336,2235.123632971423,3.369900293818988e-05
10,weibull,Gen_Beta,0.05666613578796387,1999.178780032933,0.0008513413756900265
10,weibull,Pearson3,0.06759071350097656,2060.863681703177,0.001522993153690076
10,weibull,Johnson,0.1143791675567627,2045.7536641249283,0.0006885171156515142
10,weibull,4Param_GG,0.08608746528625488,2005.9148998617627,0.0001385700645921269
10,logistic,Bez_MLE,0.31740880012512207,2200.7343767417606,3.609614727527862e-05
10,logistic,Gen_Beta,0.020838499069213867,2816.6211145630746,0.0003703876657602577
10,logistic,Pearson3,0.019151687622070312,2816.6137131393452,0.0003715141322313528
10,logistic,Johnson,0.12547636032104492,2802.480800604896,5.135444710731578e-05
10,logistic,4Param_GG,0.0759129524230957,2816.72786542075,0.0003718754377345096
10,gumbel,Bez_MLE,0.32504701614379883,2215.0757748903206,3.4180103545037976e-05
10,gumbel,Gen_Beta,0.04926252365112305,1132.3431447317744,0.00014750348100839165
10,gumbel,Pearson3,0.02089405059814453,1132.343022617762,0.00014750552282735468
10,gumbel,Johnson,0.11844182014465332,1130.5329845414171,8.133185441792092e-05
10,gumbel,4Param_GG,0.07895612716674805,1131.3513876616853,9.764483211933553e-05
10,laplace,Bez_MLE,0.3133382797241211,2174.955611968887,5.716972210001603e-05
10,laplace,Gen_Beta,0.02824878692626953,2533.4348126027526,0.0023679263623069477
10,laplace,Pearson3,0.023819684982299805,2533.4339930907927,0.0023686743376460646
10,laplace,Johnson,0.09839534759521484,2464.422838542706,0.00017968619043116064
10,laplace,4Param_GG,0.07938432693481445,2533.7070805789645,0.0023919973089619575
10,trimodal,Bez_MLE,0.29828596115112305,2215.1405951007664,0.000232844257135136
10,trimodal,Gen_Beta,0.03241872787475586,1892.2975059781515,0.0016069589827314298
10,trimodal,Pearson3,0.028067588806152344,1918.4261716765316,0.0013441666143919227
10,trimodal,Johnson,0.11093425750732422,1885.6599806715558,0.001341925663292691
10,trimodal,4Param_GG,0.08168387413024902,1926.4233490929385,0.0018010213848415938
