i;length
1;36
2;37
3;38
4;38
5;39
6;39
7;40
8;40
9;40
10;40
11;41
12;41
13;41
14;41
15;41
16;41
17;42
18;42
19;42
20;42
21;42
22;42
23;42
24;43
25;43
26;43
27;43
28;43
29;43
30;43
31;43
32;44
33;44
34;44
35;44
36;44
37;44
38;44
39;44
40;44
41;45
42;45
43;45
44;45
45;45
46;45
47;45
48;45
49;45
50;45
51;46
52;46
53;46
54;46
55;46
56;46
57;46
58;46
59;46
60;46
61;47
62;47
63;47
64;47
65;47
66;47
67;47
68;47
69;47
70;48
71;48
72;48
73;48
74;48
75;48
76;48
77;48
78;49
79;49
80;49
81;49
82;49
83;49
84;49
85;50
86;50
87;50
88;50
89;50
90;50
91;51
92;51
93;51
94;51
95;52
96;52
97;53
98;53
99;54
100;55
